Date,IBM,AAPL,MSFT
2017-01-03,146.93508911132812,110.95387268066406,59.29480743408203
2017-01-04,148.75430297851562,110.82970428466797,59.029502868652344
2017-01-05,148.2621307373047,111.39330291748047,59.029502868652344
2017-01-06,148.9915771484375,112.63513946533203,59.54115676879883
2017-01-09,147.33934020996094,113.66682434082031,59.35165786743164
2017-01-10,145.46739196777344,113.78146362304688,59.332706451416016
2017-01-11,147.42721557617188,114.392822265625,59.872779846191406
2017-01-12,147.60302734375,113.9151840209961,59.32323455810547
2017-01-13,147.06689453125,113.71458435058594,59.408504486083984
2017-01-17,147.55026245117188,114.63165283203125,59.24742889404297
2017-01-18,146.59230041503906,114.62208557128906,59.21900939941406
2017-01-19,146.60110473632812,114.4214859008789,59.029502868652344
2017-01-20,149.88800048828125,114.63165283203125,59.4464111328125
2017-01-23,150.30987548828125,114.70806121826172,59.65485382080078
2017-01-24,154.58985900878906,114.60298156738281,60.18546676635742
2017-01-25,156.69029235839844,116.42753601074219,60.33706283569336
2017-01-26,157.01547241210938,116.48485565185547,60.89608383178711
2017-01-27,155.8202362060547,116.49441528320312,62.326820373535156
2017-01-30,154.50201416015625,116.18870544433594,61.710941314697266
2017-01-31,153.37705993652344,115.92122650146484,61.256141662597656
2017-02-01,153.17489624023438,122.99018859863281,60.2423095703125
2017-02-02,153.42979431152344,122.78004455566406,59.85383224487305
2017-02-03,154.51954650878906,123.30543518066406,60.33706283569336
2017-02-06,154.55467224121094,124.46131134033203,60.29916000366211
2017-02-07,156.83973693847656,125.64580535888672,60.10017776489258
2017-02-08,156.05136108398438,126.13301849365234,60.014915466308594
2017-02-09,156.97262573242188,127.04444885253906,60.697113037109375
2017-02-10,158.2747039794922,126.7566146850586,60.64026641845703
2017-02-13,158.87705993652344,127.87910461425781,61.322471618652344
2017-02-14,159.55911254882812,129.53890991210938,61.55125045776367
2017-02-15,160.93211364746094,130.00901794433594,61.51310729980469
2017-02-16,160.71063232421875,129.85549926757812,61.50357437133789
2017-02-17,160.03744506835938,130.2105255126953,61.598915100097656
2017-02-21,159.67430114746094,131.15072631835938,61.47498321533203
2017-02-22,160.46263122558594,131.54405212402344,61.35105895996094
2017-02-23,160.9055633544922,130.98760986328125,61.598915100097656
2017-02-24,160.63980102539062,131.1123504638672,61.598915100097656
2017-02-27,158.9124755859375,131.37136840820312,61.22714614868164
2017-02-28,159.28453063964844,131.428955078125,60.98883056640625
2017-03-01,161.17129516601562,134.1152801513672,61.90395736694336
2017-03-02,159.9134521484375,133.31893920898438,61.01742935180664
2017-03-03,159.48825073242188,134.10565185546875,61.24620819091797
2017-03-06,159.86032104492188,133.6835174560547,61.2652702331543
2017-03-07,159.78057861328125,133.85623168945312,61.38919448852539
2017-03-08,158.95677185058594,133.35731506347656,61.95161056518555
2017-03-09,156.94601440429688,133.05032348632812,61.70376205444336
2017-03-10,157.52178955078125,133.49166870117188,61.894412994384766
2017-03-13,156.30824279785156,133.5491943359375,61.68470001220703
2017-03-14,155.65274047851562,133.34776306152344,61.39873123168945
2017-03-15,155.7324676513672,134.75808715820312,61.722843170166016
2017-03-16,156.99913024902344,134.9787139892578,61.61796951293945
2017-03-17,155.59075927734375,134.30715942382812,61.83722686767578
2017-03-20,155.63504028320312,135.7174835205078,61.894412994384766
2017-03-21,154.02288818359375,134.16322326660156,61.208072662353516
2017-03-22,154.8201141357422,135.67909240722656,61.989742279052734
2017-03-23,154.85556030273438,135.19937133789062,61.83722686767578
2017-03-24,153.9785919189453,134.93075561523438,61.94208526611328
2017-03-27,153.92544555664062,135.16102600097656,62.056461334228516
2017-03-28,154.58091735839844,137.9624786376953,62.237579345703125
2017-03-29,154.07603454589844,138.2694854736328,62.40916061401367
2017-03-30,154.00515747070312,138.08718872070312,62.63795852661133
2017-03-31,154.253173828125,137.8281707763672,62.78093338012695
2017-04-03,154.5720672607422,137.86654663085938,62.48543167114258
2017-04-04,154.5897979736328,138.89312744140625,62.65702438354492
2017-04-05,153.13706970214844,138.17355346679688,62.494956970214844
2017-04-06,152.7561798095703,137.8281707763672,62.65702438354492
2017-04-07,152.48159790039062,137.52114868164062,62.60935592651367
2017-04-10,151.64892578125,137.35806274414062,62.46636199951172
2017-04-11,151.09976196289062,135.88058471679688,62.418704986572266
2017-04-12,151.1705780029297,136.0436553955078,62.180389404296875
2017-04-13,150.16964721679688,135.32415771484375,61.91347885131836
2017-04-17,151.5603485107422,136.07244873046875,62.418704986572266
2017-04-18,150.63027954101562,135.46803283691406,62.33291244506836
2017-04-19,143.22496032714844,134.9691162109375,61.999271392822266
2017-04-20,143.76531982421875,136.65771484375,62.437774658203125
2017-04-21,142.0645751953125,136.49459838867188,63.295692443847656
2017-04-24,142.39230346679688,137.8090057373047,64.37285614013672
2017-04-25,142.07347106933594,138.66285705566406,64.74464416503906
2017-04-26,141.78111267089844,137.84735107421875,64.6588363647461
2017-04-27,142.01144409179688,137.95286560058594,65.07825469970703
2017-04-28,141.98484802246094,137.8185577392578,65.25936126708984
2017-05-01,140.700439453125,140.629638671875,66.16497039794922
2017-05-02,140.93075561523438,141.5218963623047,66.06010437011719
2017-05-03,140.51441955566406,141.09014892578125,65.85040283203125
2017-05-04,140.88645935058594,140.58164978027344,65.593017578125
2017-05-05,137.34326171875,142.9130096435547,65.77413177490234
2017-05-08,136.8781280517578,146.79861450195312,65.71694946289062
2017-05-09,136.05523681640625,147.73880004882812,65.81226348876953
2017-05-10,135.28604125976562,147.03846740722656,66.06963348388672
2017-05-11,134.74935913085938,148.31008911132812,65.25936126708984
2017-05-12,134.4989013671875,150.38131713867188,65.18312072753906
2017-05-15,135.51858520507812,149.99598693847656,65.23078155517578
2017-05-16,137.45953369140625,149.7744140625,66.54423522949219
2017-05-17,134.99978637695312,144.74563598632812,64.69391632080078
2017-05-18,134.86563110351562,146.9517364501953,64.9144058227539
2017-05-19,135.93899536132812,147.4526824951172,64.89523315429688
2017-05-22,136.52931213378906,148.34864807128906,65.62386322021484
2017-05-23,135.98370361328125,148.1655731201172,65.84436798095703
2017-05-24,136.4130401611328,147.72244262695312,65.9306411743164
2017-05-25,137.03021240234375,148.2329864501953,66.74555206298828
2017-05-26,136.3951416015625,147.98255920410156,67.07149505615234
2017-05-30,135.71533203125,148.0403594970703,67.5029296875
2017-05-31,136.52040100097656,147.16368103027344,66.95646667480469
2017-06-01,136.55615234375,147.56829833984375,67.20573425292969
2017-06-02,136.00157165527344,149.75515747070312,68.79720306396484
2017-06-05,136.3236083984375,148.2908172607422,69.29572296142578
2017-06-06,136.2877960205078,148.79177856445312,69.52581024169922
2017-06-07,135.04452514648438,149.67807006835938,69.40119171142578
2017-06-08,136.04629516601562,149.31199645996094,68.9793472290039
2017-06-09,137.83522033691406,143.5221405029297,67.41664123535156
2017-06-12,138.80120849609375,140.09259033203125,66.89895629882812
2017-06-13,137.96939086914062,141.21974182128906,67.73301696777344
2017-06-14,137.57582092285156,139.84213256835938,67.36870574951172
2017-06-15,137.94253540039062,139.0039520263672,67.01399230957031
2017-06-16,138.98011779785156,137.0579833984375,67.10986328125
2017-06-19,138.4971160888672,140.9788818359375,67.9439468383789
2017-06-20,138.5955047607422,139.69760131835938,67.02357482910156
2017-06-21,137.55792236328125,140.52609252929688,67.36870574951172
2017-06-22,138.10354614257812,140.294921875,67.359130859375
2017-06-23,137.8441619873047,140.92108154296875,68.26988983154297
2017-06-26,138.845947265625,140.4779510498047,67.61798858642578
2017-06-27,138.41659545898438,138.46449279785156,66.35246276855469
2017-06-28,138.9264678955078,140.48757934570312,66.91813659667969
2017-06-29,137.86207580566406,138.41632080078125,65.6622085571289
2017-06-30,137.59371948242188,138.743896484375,66.08404541015625
2017-07-03,139.1589813232422,138.24290466308594,65.35541534423828
2017-07-05,137.45059204101562,138.81130981445312,66.22785186767578
2017-07-06,136.2788848876953,137.5011444091797,65.73890686035156
2017-07-07,136.79766845703125,138.89801025390625,66.5921630859375
2017-07-10,137.2269744873047,139.74575805664062,67.0906982421875
2017-07-11,137.02127075195312,140.19854736328125,67.10028076171875
2017-07-12,137.47743225097656,140.40086364746094,68.2123794555664
2017-07-13,137.4148406982422,142.3565216064453,68.80677032470703
2017-07-14,137.96044921875,143.5799560546875,69.77508544921875
2017-07-17,136.86026000976562,144.0808868408203,70.32154083251953
2017-07-18,137.74574279785156,144.58187866210938,70.27361297607422
2017-07-19,131.95863342285156,145.4874267578125,70.81049346923828
2017-07-20,132.07493591308594,144.83233642578125,71.15563201904297
2017-07-21,131.55615234375,144.76490783691406,70.7433853149414
2017-07-24,130.58123779296875,146.51824951171875,70.56124114990234
2017-07-25,130.76011657714844,147.14442443847656,71.12686157226562
2017-07-26,130.01768493652344,147.8380584716797,70.99264526367188
2017-07-27,129.75833129882812,145.04428100585938,70.13939666748047
2017-07-28,129.0606231689453,144.0231170654297,70.02434539794922
2017-07-31,129.4005126953125,143.28131103515625,69.6983871459961
2017-08-01,129.9640350341797,144.55296325683594,69.5833511352539
2017-08-02,129.2037353515625,151.3832244873047,69.27655792236328
2017-08-03,129.64202880859375,149.87074279785156,69.17109680175781
2017-08-04,129.8388214111328,150.6607208251953,69.67921447753906
2017-08-07,128.32716369628906,152.9920654296875,69.41077423095703
2017-08-08,128.4537353515625,154.2155303955078,69.78466796875
2017-08-09,128.1464080810547,155.15960693359375,69.47787475585938
2017-08-10,128.2096405029297,150.21749877929688,68.4616470336914
2017-08-11,128.2096405029297,152.30654907226562,69.50664520263672
2017-08-14,128.6435546875,154.59869384765625,70.5516357421875
2017-08-15,128.4176025390625,156.2911834716797,70.57091522216797
2017-08-16,128.80624389648438,155.6625213623047,70.98535919189453
2017-08-17,127.17921447753906,152.67405700683594,69.78058624267578
2017-08-18,126.27532958984375,152.32589721679688,69.86732482910156
2017-08-21,126.84475708007812,152.04542541503906,69.53963470458984
2017-08-22,127.45941925048828,154.53099060058594,70.5130844116211
2017-08-23,128.4808349609375,154.72439575195312,70.0890121459961
2017-08-24,129.20394897460938,154.03773498535156,70.06009674072266
2017-08-25,129.9270782470703,154.6083526611328,70.18538665771484
2017-08-28,128.81527709960938,156.1654510498047,70.19503021240234
2017-08-29,129.38475036621094,157.55816650390625,70.40707397460938
2017-08-30,128.86048889160156,157.98370361328125,71.33233642578125
2017-08-31,129.28530883789062,158.6123504638672,72.06483459472656
2017-09-01,130.2344207763672,158.66070556640625,71.26486206054688
2017-09-05,129.2943572998047,156.75543212890625,70.94681549072266
2017-09-06,129.99942016601562,156.5909881591797,70.7444076538086
2017-09-07,129.1678009033203,155.96234130859375,71.65039825439453
2017-09-08,128.7610626220703,153.4187774658203,71.30341339111328
2017-09-11,130.93943786621094,156.19448852539062,72.0551986694336
2017-09-12,131.75294494628906,155.5755157470703,71.97808837890625
2017-09-13,131.9608917236328,154.40525817871094,72.48892211914062
2017-09-14,131.5541229248047,153.0802459716797,72.06483459472656
2017-09-15,130.90330505371094,154.62770080566406,72.58529663085938
2017-09-18,130.65924072265625,153.4574432373047,72.44073486328125
2017-09-19,130.51461791992188,153.51547241210938,72.7105941772461
2017-09-20,131.86143493652344,150.94287109375,72.22869110107422
2017-09-21,131.30104064941406,148.35089111328125,71.52509307861328
2017-09-22,131.1835174560547,146.90017700195312,71.71784973144531
2017-09-25,131.8523712158203,145.6042022705078,70.6094741821289
2017-09-26,132.47610473632812,148.10911560058594,70.6094741821289
2017-09-27,131.66259765625,149.16329956054688,71.17811584472656
2017-09-28,131.66259765625,148.2445068359375,71.19739532470703
2017-09-29,131.13833618164062,149.05690002441406,71.79496765136719
2017-10-02,132.56649780273438,148.75711059570312,71.9106216430664
2017-10-03,132.67494201660156,149.4051055908203,71.57328033447266
2017-10-04,132.40379333496094,148.43795776367188,71.98773956298828
2017-10-05,132.6207275390625,150.28517150878906,73.2214126586914
2017-10-06,132.40379333496094,150.19813537597656,73.25032806396484
2017-10-09,133.22633361816406,150.72039794921875,73.52984619140625
2017-10-10,134.2296600341797,150.77842712402344,73.52984619140625
2017-10-11,133.43423461914062,151.4071044921875,73.65514373779297
2017-10-12,132.90093994140625,150.8751678466797,74.32982635498047
2017-10-13,132.96420288085938,151.8326416015625,74.6864242553711
2017-10-16,132.7201385498047,154.62770080566406,74.84063720703125
2017-10-17,132.45802307128906,155.1983184814453,74.78280639648438
2017-10-18,144.19972229003906,154.5116424560547,74.80209350585938
2017-10-19,145.4380645751953,150.85580444335938,75.09124755859375
2017-10-20,146.49562072753906,151.11695861816406,75.95867919921875
2017-10-23,144.2178192138672,151.03958129882812,75.97795867919922
2017-10-24,140.9004669189453,151.9390106201172,76.00686645507812
2017-10-25,138.74917602539062,151.2716827392578,75.78519439697266
2017-10-26,138.83958435058594,152.2388153076172,75.91047668457031
2017-10-27,138.91188049316406,157.69354248046875,80.77776336669922
2017-10-30,139.5265350341797,161.2429962158203,80.8548812866211
2017-10-31,139.25537109375,163.48675537109375,80.17057800292969
2017-11-01,139.228271484375,161.4073944091797,80.17057800292969
2017-11-02,138.6136016845703,162.5873260498047,81.00909423828125
2017-11-03,137.01368713378906,166.83311462402344,81.09581756591797
2017-11-06,136.34478759765625,168.52561950683594,81.41389465332031
2017-11-07,136.80577087402344,169.0672149658203,81.22112274169922
2017-11-08,137.004638671875,170.45025634765625,81.50064086914062
2017-11-09,137.21463012695312,170.1020965576172,81.04763793945312
2017-11-10,136.1738739013672,169.53909301757812,80.83560180664062
2017-11-13,135.4800262451172,168.8596649169922,80.89342498779297
2017-11-14,135.9274139404297,166.30690002441406,81.00909423828125
2017-11-15,134.29322814941406,164.11328125,80.37945556640625
2017-11-16,136.13734436035156,166.073974609375,80.59255981445312
2017-11-17,136.0004119873047,165.15187072753906,79.81763458251953
2017-11-20,137.40634155273438,164.9868927001953,79.94355773925781
2017-11-21,138.720947265625,168.0540313720703,81.09627532958984
2017-11-22,138.55662536621094,169.82058715820312,80.50537872314453
2017-11-24,138.6205291748047,169.83030700683594,80.65068817138672
2017-11-27,138.74835205078125,168.97613525390625,81.24156951904297
2017-11-28,139.19569396972656,167.98609924316406,82.21991729736328
2017-11-29,140.18165588378906,164.5015869140625,80.72816467285156
2017-11-30,140.56509399414062,166.8019561767578,81.53215789794922
2017-12-01,141.28631591796875,166.0254364013672,81.61935424804688
2017-12-04,142.83834838867188,164.8121337890625,78.53900146484375
2017-12-05,141.82496643066406,164.65684509277344,79.03302764892578
2017-12-06,140.6837921142578,164.04537963867188,80.18571472167969
2017-12-07,140.19993591308594,164.34629821777344,79.90481567382812
2017-12-08,141.3319549560547,164.394775390625,81.5224838256836
2017-12-11,141.8797149658203,167.5978546142578,82.55894470214844
2017-12-12,143.0939483642578,166.65635681152344,82.89797973632812
2017-12-13,140.5103302001953,167.20960998535156,82.6751937866211
2017-12-14,140.59249877929688,167.1610565185547,82.03587341308594
2017-12-15,139.22308349609375,168.8596649169922,84.12818908691406
2017-12-18,139.9808349609375,171.2377166748047,83.67290496826172
2017-12-19,139.88954162597656,169.41290283203125,83.14014434814453
2017-12-20,139.63389587402344,169.22850036621094,82.83985900878906
2017-12-21,138.31016540527344,169.86911010742188,82.82048797607422
2017-12-22,139.22308349609375,169.86911010742188,82.83016967773438
2017-12-26,139.52435302734375,165.55955505371094,82.72360229492188
2017-12-27,139.79824829101562,165.5886688232422,83.02391052246094
2017-12-28,140.62901306152344,166.05458068847656,83.03358459472656
2017-12-29,140.06298828125,164.25889587402344,82.8592300415039
2018-01-02,140.82073974609375,167.19989013671875,83.25637817382812
2018-01-03,144.6916046142578,167.1707763671875,83.64384460449219
2018-01-04,147.62213134765625,167.947265625,84.3800277709961
2018-01-05,148.34335327148438,169.85940551757812,85.42617797851562
2018-01-08,149.238037109375,169.22850036621094,85.51335906982422
2018-01-09,149.56668090820312,169.20909118652344,85.45523834228516
2018-01-10,149.88621520996094,169.17025756835938,85.06777954101562
2018-01-11,149.9044952392578,170.1311798095703,85.31963348388672
2018-01-12,148.93675231933594,171.88803100585938,86.7919921875
2018-01-16,149.58494567871094,171.01446533203125,85.58116149902344
2018-01-17,153.967041015625,173.83900451660156,87.3150634765625
2018-01-18,154.39610290527344,173.99429321289062,87.27632141113281
2018-01-19,148.23377990722656,173.21778869628906,87.17945861816406
2018-01-22,148.44378662109375,171.80067443847656,88.73900604248047
2018-01-23,151.77598571777344,171.83949279785156,89.0199203491211
2018-01-24,150.97259521484375,169.10232543945312,88.94242095947266
2018-01-25,151.0638885498047,166.08367919921875,89.43643188476562
2018-01-26,152.77110290527344,166.471923828125,91.11221313476562
2018-01-29,152.27810668945312,163.02621459960938,90.97660064697266
2018-01-30,149.3749542236328,162.06527709960938,89.83358764648438
2018-01-31,149.44798278808594,162.51177978515625,92.03245544433594
2018-02-01,148.2611846923828,162.8514862060547,91.30594635009766
2018-02-02,145.18455505371094,155.78536987304688,88.90367126464844
2018-02-05,139.25047302246094,151.89312744140625,85.24213409423828
2018-02-06,141.81582641601562,158.2410125732422,88.46778106689453
2018-02-07,140.45556640625,154.85353088378906,86.80168914794922
2018-02-08,136.0671844482422,150.59249877929688,82.3458480834961
2018-02-09,137.83729553222656,152.43446350097656,85.41648864746094
2018-02-12,139.5797119140625,158.57432556152344,86.33670806884766
2018-02-13,138.98048400878906,160.16290283203125,87.01477813720703
2018-02-14,142.67739868164062,163.1158905029297,88.37727355957031
2018-02-15,143.82981872558594,168.59303283691406,90.17772674560547
2018-02-16,143.9865264892578,168.04727172851562,89.53539276123047
2018-02-20,143.04615783691406,167.48202514648438,90.23611450195312
2018-02-21,141.93988037109375,166.7218475341797,89.0390625
2018-02-22,141.22073364257812,168.11550903320312,89.27264404296875
2018-02-23,143.37806701660156,171.03924560546875,91.54021453857422
2018-02-26,146.19918823242188,174.42103576660156,92.86377716064453
2018-02-27,144.32765197753906,173.85580444335938,91.67645263671875
2018-02-28,143.6638641357422,173.59266662597656,91.25797271728516
2018-03-01,141.8015594482422,170.55194091796875,90.36261749267578
2018-03-02,142.42849731445312,171.73118591308594,90.55726623535156
2018-03-05,144.69639587402344,172.32571411132812,91.13146209716797
2018-03-06,143.5624542236328,172.17950439453125,90.82003784179688
2018-03-07,145.95948791503906,170.58120727539062,91.34557342529297
2018-03-08,144.0142059326172,172.44264221191406,91.90029907226562
2018-03-09,146.87216186523438,175.40536499023438,93.95379638671875
2018-03-12,147.7480010986328,177.10113525390625,94.17760467529297
2018-03-13,146.88137817382812,175.3956298828125,91.8808364868164
2018-03-14,145.77508544921875,173.9044952392578,91.3358383178711
2018-03-15,147.14874267578125,174.10916137695312,91.65699768066406
2018-03-16,147.7480010986328,173.4951934814453,92.06575012207031
2018-03-19,145.065185546875,170.84434509277344,90.40155792236328
2018-03-20,144.0049591064453,170.78585815429688,90.63512420654297
2018-03-21,144.4567108154297,166.916748046875,90.00254821777344
2018-03-22,140.21583557128906,164.5582733154297,87.38460540771484
2018-03-23,137.2657012939453,160.7476348876953,84.84452819824219
2018-03-26,141.3959197998047,168.378662109375,91.2677230834961
2018-03-27,140.04989624023438,164.06121826171875,87.07318878173828
2018-03-28,140.61228942871094,162.24851989746094,86.99532318115234
2018-03-29,141.45123291015625,163.5154571533203,88.824951171875
2018-04-02,138.3535614013672,162.44342041015625,86.14862823486328
2018-04-03,138.1507568359375,164.10997009277344,87.30674743652344
2018-04-04,142.08737182617188,167.2481231689453,89.85655975341797
2018-04-05,142.00439453125,168.40786743164062,89.90521240234375
2018-04-06,138.81454467773438,164.10023498535156,87.81281280517578
2018-04-09,140.76901245117188,165.727783203125,88.33834838867188
2018-04-10,143.2582244873047,168.84645080566406,90.39183044433594
2018-04-11,143.2305450439453,168.05702209472656,89.3991470336914
2018-04-12,145.72898864746094,169.7138214111328,91.07307434082031
2018-04-13,144.4751739501953,170.28880310058594,90.58647918701172
2018-04-16,145.5630340576172,171.3511199951172,91.64727020263672
2018-04-17,148.34725952148438,173.7095947265625,93.49637603759766
2018-04-18,137.17349243164062,173.31976318359375,93.85645294189453
2018-04-19,136.16859436035156,168.40786743164062,93.53529357910156
2018-04-20,133.5872039794922,161.5078125,92.45503234863281
2018-04-23,134.47225952148438,161.0400390625,92.795654296875
2018-04-24,134.1956787109375,158.79849243164062,90.62539672851562
2018-04-25,134.5460205078125,159.4904327392578,89.83710479736328
2018-04-26,135.2650909423828,160.04595947265625,91.73485565185547
2018-04-27,135.0438690185547,158.19424438476562,93.25305938720703
2018-04-30,133.6425323486328,161.05950927734375,91.0146713256836
2018-05-01,133.67938232421875,164.80189514160156,92.45503234863281
2018-05-02,131.3284912109375,172.08206176757812,91.00495147705078
2018-05-03,130.90440368652344,172.39390563964844,91.5499496459961
2018-05-04,132.67446899414062,179.1575164794922,92.6107406616211
2018-05-07,132.03836059570312,180.45372009277344,93.6423568725586
2018-05-08,131.83555603027344,181.3210906982422,93.24333190917969
2018-05-09,132.93548583984375,182.59779357910156,94.34306335449219
2018-05-10,134.4549102783203,185.2096710205078,95.28709411621094
2018-05-11,134.3616943359375,184.50526428222656,95.08269500732422
2018-05-14,134.51083374023438,184.07479858398438,95.40385437011719
2018-05-15,133.98883056640625,182.40184020996094,94.71287536621094
2018-05-16,134.81846618652344,184.10414123535156,94.9572525024414
2018-05-17,134.697265625,182.93992614746094,94.00914001464844
2018-05-18,134.30577087402344,182.27464294433594,94.18507385253906
2018-05-21,135.62013244628906,183.56607055664062,95.39708709716797
2018-05-22,135.24725341796875,183.10621643066406,95.29934692382812
2018-05-23,134.85574340820312,184.2802734375,96.43316650390625
2018-05-24,134.29644775390625,184.07479858398438,96.091064453125
2018-05-25,133.89559936523438,184.49549865722656,96.13993072509766
2018-05-29,131.63978576660156,183.83023071289062,95.79783630371094
2018-05-30,132.94480895996094,183.4388885498047,96.71660614013672
2018-05-31,131.7236785888672,182.822509765625,96.60909271240234
2018-06-01,132.32025146484375,186.1195068359375,98.51507568359375
2018-06-04,133.3363037109375,187.6750946044922,99.37521362304688
2018-06-05,133.95152282714844,189.12303161621094,99.88349151611328
2018-06-06,134.8930206298828,189.7785186767578,100.17670440673828
2018-06-07,135.49893188476562,189.26980590820312,98.60305786132812
2018-06-08,136.22601318359375,187.54791259765625,99.33612060546875
2018-06-11,136.63616943359375,187.0880889892578,98.76921844482422
2018-06-12,136.90646362304688,188.11534118652344,99.0233383178711
2018-06-13,136.42178344726562,186.56956481933594,98.57372283935547
2018-06-14,135.3497772216797,186.6674041748047,99.13086700439453
2018-06-15,135.52688598632812,184.74986267089844,97.8699722290039
2018-06-18,134.67861938476562,184.65200805664062,98.58350372314453
2018-06-19,134.13795471191406,181.66807556152344,98.58350372314453
2018-06-20,132.95413208007812,182.46054077148438,99.57070922851562
2018-06-21,131.66773986816406,181.4430694580078,98.85718536376953
2018-06-22,131.69570922851562,180.9147491455078,98.14366912841797
2018-06-25,129.37461853027344,178.22430419921875,96.16925048828125
2018-06-26,129.6449432373047,180.4353790283203,96.84368133544922
2018-06-27,128.1534881591797,180.1712188720703,95.33843994140625
2018-06-28,130.53981018066406,181.48220825195312,96.4038314819336
2018-06-29,130.222900390625,181.10064697265625,96.38428497314453
2018-07-02,130.37203979492188,183.1258087158203,97.752685546875
2018-07-03,130.10171508789062,179.93641662597656,96.81436920166016
2018-07-05,131.83554077148438,181.3843536376953,97.50833892822266
2018-07-06,132.81430053710938,183.898681640625,98.87673950195312
2018-07-09,134.59474182128906,186.45216369628906,99.55115509033203
2018-07-10,134.8930206298828,186.2271728515625,99.81507110595703
2018-07-11,135.107421875,183.81063842773438,99.67822265625
2018-07-12,136.51498413085938,186.8924102783203,101.83833312988281
2018-07-13,136.00228881835938,187.18589782714844,103.05036163330078
2018-07-16,135.59214782714844,186.7750244140625,102.5420913696289
2018-07-17,133.75576782226562,187.3032989501953,103.55860900878906
2018-07-18,134.71591186523438,186.2760467529297,102.74735260009766
2018-07-19,139.11572265625,187.72402954101562,102.0436019897461
2018-07-20,136.42178344726562,187.29356384277344,103.87139892578125
2018-07-23,135.81585693359375,187.4598388671875,105.53302764892578
2018-07-24,136.44972229003906,188.8197479248047,105.23002624511719
2018-07-25,136.67343139648438,190.600341796875,108.3284683227539
2018-07-26,136.75735473632812,190.0035400390625,107.14578247070312
2018-07-27,135.3031768798828,186.84352111816406,105.24956512451172
2018-07-30,135.62013244628906,185.7966766357422,102.99171447753906
2018-07-31,135.09811401367188,186.16842651367188,103.68568420410156
2018-08-01,133.76510620117188,197.13565063476562,103.88115692138672
2018-08-02,133.26174926757812,202.8980712890625,105.14205932617188
2018-08-03,137.68019104003906,203.4850616455078,105.60144805908203
2018-08-06,136.12347412109375,204.5416717529297,105.68940734863281
2018-08-07,137.03700256347656,202.62413024902344,106.4224853515625
2018-08-08,136.92514038085938,202.76112365722656,107.01872253417969
2018-08-09,136.40692138671875,204.35580444335938,107.19464874267578
2018-08-10,136.13365173339844,203.74710083007812,106.5397720336914
2018-08-13,134.46591186523438,205.0626678466797,105.76761627197266
2018-08-14,135.07835388183594,205.92666625976562,107.08712768554688
2018-08-15,135.59657287597656,206.40771484375,105.63497924804688
2018-08-16,136.94398498535156,209.43157958984375,105.61536407470703
2018-08-17,137.62240600585938,213.6138916015625,105.55648803710938
2018-08-20,138.04638671875,211.53256225585938,104.8598403930664
2018-08-21,137.53758239746094,211.12020874023438,103.98657989501953
2018-08-22,136.8497772216797,211.13003540039062,105.04625701904297
2018-08-23,136.9722442626953,211.56201171875,105.53684997558594
2018-08-24,137.60353088378906,212.2198028564453,106.3610610961914
2018-08-27,138.2159881591797,213.96734619140625,107.53848266601562
2018-08-28,138.12176513671875,215.6952667236328,108.18606567382812
2018-08-29,139.01687622070312,218.9154815673828,109.9129638671875
2018-08-30,137.49989318847656,220.9281005859375,109.84428405761719
2018-08-31,138.0181121826172,223.480712890625,110.21713256835938
2018-09-04,137.26431274414062,224.19741821289062,109.60879516601562
2018-09-05,138.18772888183594,222.73458862304688,106.4493637084961
2018-09-06,137.93333435058594,219.03330993652344,106.69466400146484
2018-09-07,137.04762268066406,217.26611328125,106.17463684082031
2018-09-10,137.23606872558594,214.35023498535156,107.32261657714844
2018-09-11,138.0275421142578,219.76963806152344,109.14764404296875
2018-09-12,138.10293579101562,217.04029846191406,109.60879516601562
2018-09-13,140.34542846679688,222.282958984375,110.7862319946289
2018-09-14,139.76124572753906,219.7598114013672,111.23758697509766
2018-09-17,139.39378356933594,213.908447265625,110.03070831298828
2018-09-18,139.9779815673828,214.2618865966797,111.08058166503906
2018-09-19,140.44908142089844,214.38949584960938,109.59899139404297
2018-09-20,142.41835021972656,216.01927185058594,111.43382263183594
2018-09-21,142.6068115234375,213.6924591064453,112.11083221435547
2018-09-24,141.363037109375,216.76539611816406,112.51312255859375
2018-09-25,140.30776977539062,218.13987731933594,112.2972640991211
2018-09-26,142.85177612304688,216.4021453857422,111.83610534667969
2018-09-27,142.74813842773438,220.84957885742188,112.25802612304688
2018-09-28,142.4748992919922,221.6251678466797,112.2187728881836
2018-10-01,144.16146850585938,223.11746215820312,113.43543243408203
2018-10-02,144.86814880371094,225.10064697265625,112.98410034179688
2018-10-03,144.36874389648438,227.8397979736328,113.00372314453125
2018-10-04,142.569091796875,223.83416748046875,110.66848754882812
2018-10-05,140.4208221435547,220.20159912109375,110.0208969116211
2018-10-08,139.81776428222656,219.69110107421875,108.76496887207031
2018-10-09,138.73422241210938,222.73458862304688,110.14845275878906
2018-10-10,134.44705200195312,212.41615295410156,104.16319274902344
2018-10-11,130.98907470703125,210.5409698486328,103.91789245605469
2018-10-12,132.71334838867188,218.06134033203125,107.5090560913086
2018-10-15,132.97720336914062,213.39791870117188,105.57611083984375
2018-10-16,136.73667907714844,218.10060119628906,108.91214752197266
2018-10-17,126.30618286132812,217.15811157226562,108.62760162353516
2018-10-18,123.00836944580078,212.0823516845703,106.45918273925781
2018-10-19,121.64214324951172,215.31236267089844,106.61616516113281
2018-10-22,122.50898742675781,216.62794494628906,107.56791687011719
2018-10-23,123.6302490234375,218.67002868652344,106.06669616699219
2018-10-24,119.86131286621094,211.16929626464844,100.39542388916016
2018-10-25,119.14521789550781,215.79345703125,106.262939453125
2018-10-26,117.58111572265625,212.35723876953125,104.9481430053711
2018-10-29,112.72862243652344,208.3712615966797,101.89663696289062
2018-10-30,108.73355865478516,209.41192626953125,101.77890014648438
2018-10-31,108.76182556152344,214.87059020996094,104.80096435546875
2018-11-01,110.08094787597656,218.16934204101562,103.92769622802734
2018-11-02,108.98795318603516,203.697998046875,104.16319274902344
2018-11-05,113.12435150146484,197.91537475585938,105.48779296875
2018-11-06,116.0075912475586,200.05564880371094,105.69384765625
2018-11-07,117.62821960449219,206.12298583984375,109.85409545898438
2018-11-08,117.73318481445312,205.40380859375,109.6480484008789
2018-11-09,117.88587188720703,201.44329833984375,107.5090560913086
2018-11-12,115.36669158935547,191.29576110839844,104.8598403930664
2018-11-13,115.30943298339844,189.3844757080078,104.92852783203125
2018-11-14,114.69873046875,184.03488159179688,103.4405288696289
2018-11-15,115.88198852539062,188.57662963867188,105.71686553955078
2018-11-16,116.00602722167969,190.6652374267578,106.71215057373047
2018-11-19,114.80369567871094,183.10877990722656,103.09561920166016
2018-11-20,111.83602905273438,174.36024475097656,100.22802734375
2018-11-21,113.1433334350586,174.16319274902344,101.60762023925781
2018-11-23,111.82649230957031,169.73965454101562,101.56820678710938
2018-11-26,114.08802032470703,172.03517150878906,104.91867065429688
2018-11-27,114.53650665283203,171.66079711914062,105.57889556884766
2018-11-28,117.3705825805664,178.26162719726562,109.50091552734375
2018-11-29,115.92015075683594,176.89219665527344,108.58446502685547
2018-11-30,118.58245086669922,175.93655395507812,109.27426147460938
2018-12-03,119.57486724853516,182.0841827392578,110.45677947998047
2018-12-04,116.03465270996094,174.0745391845703,106.93878936767578
2018-12-06,118.23893737792969,172.13368225097656,107.59903717041016
2018-12-07,113.87808990478516,165.9959259033203,103.2927017211914
2018-12-10,115.58616638183594,167.0894775390625,106.0223388671875
2018-12-11,115.35714721679688,166.13385009765625,107.00777435302734
2018-12-12,115.61479187011719,166.5968780517578,107.49063873291016
2018-12-13,115.20448303222656,168.4194793701172,107.85523986816406
2018-12-14,114.41246032714844,163.03045654296875,104.48507690429688
2018-12-17,110.786376953125,161.5132598876953,101.39082336425781
2018-12-18,111.31121063232422,163.6117401123047,102.45509338378906
2018-12-19,111.10128021240234,158.50840759277344,102.1791763305664
2018-12-20,107.84733581542969,154.5084991455078,100.03093719482422
2018-12-21,105.86254119873047,148.49879455566406,96.7987289428711
2018-12-24,102.64677429199219,144.6565399169922,92.75846099853516
2018-12-26,106.29193878173828,154.84347534179688,99.09477233886719
2018-12-27,108.57255554199219,153.83856201171875,99.70574188232422
2018-12-28,107.85688018798828,153.91738891601562,98.92724609375
2018-12-31,108.46759033203125,155.40504455566406,100.09005737304688
2019-01-02,109.9371109008789,155.58236694335938,99.64661407470703
2019-01-03,107.74237060546875,140.08522033691406,95.98081970214844
2019-01-04,111.9505386352539,146.0653533935547,100.44481658935547
2019-01-07,112.7425537109375,145.74026489257812,100.57292175292969
2019-01-08,114.34565734863281,148.5185089111328,101.30213928222656
2019-01-09,115.16630554199219,151.0406036376953,102.75071716308594
2019-01-10,116.21595764160156,151.52337646484375,102.09048461914062
2019-01-11,115.90106201171875,150.03570556640625,101.30213928222656
2019-01-14,114.88003540039062,147.77960205078125,100.56307220458984
2019-01-15,116.1587142944336,150.80416870117188,103.47994995117188
2019-01-16,116.05374145507812,152.646484375,103.84455108642578
2019-01-17,116.59765625,153.55287170410156,104.57376861572266
2019-01-18,118.1530532836914,154.4986572265625,106.1406021118164
2019-01-22,116.91254425048828,151.03077697753906,104.14017486572266
2019-01-23,126.80792999267578,151.64158630371094,105.15516662597656
2019-01-24,126.46440887451172,150.43963623046875,104.65260314941406
2019-01-25,127.83850860595703,155.42474365234375,105.60846710205078
2019-01-28,128.1248016357422,153.98635864257812,103.5489273071289
2019-01-29,128.18202209472656,152.39031982421875,101.44010162353516
2019-01-30,128.22975158691406,162.80386352539062,104.8299789428711
2019-01-31,128.26791381835938,163.9762420654297,102.90839385986328
2019-02-01,127.96257019042969,164.05506896972656,101.28243255615234
2019-02-04,129.00267028808594,168.7150421142578,104.19929504394531
2019-02-05,129.34619140625,171.6016845703125,105.65774536132812
2019-02-06,130.08096313476562,171.66079711914062,104.48507690429688
2019-02-07,128.57501220703125,168.40965270996094,103.73614501953125
2019-02-08,129.07699584960938,168.60752868652344,104.13032531738281
2019-02-11,129.34730529785156,167.63787841796875,103.71644592285156
2019-02-12,131.33592224121094,169.0824432373047,105.33255004882812
2019-02-13,132.75498962402344,168.37994384765625,105.25371551513672
2019-02-14,131.75100708007812,168.993408203125,105.3424072265625
2019-02-15,133.247314453125,168.617431640625,106.6431655883789
2019-02-19,133.8940887451172,169.12200927734375,106.5938949584961
2019-02-20,133.21835327148438,170.21038818359375,106.03970336914062
2019-02-21,133.06390380859375,169.2506561279297,108.27628326416016
2019-02-22,134.425048828125,171.14044189453125,109.82011413574219
2019-02-25,134.6277618408203,172.38711547851562,110.43368530273438
2019-02-26,134.8787384033203,172.48605346679688,111.19570922851562
2019-02-27,134.34780883789062,173.0203399658203,111.00767517089844
2019-02-28,133.34385681152344,171.31854248046875,110.86913299560547
2019-03-01,134.3767547607422,173.11927795410156,111.36394500732422
2019-03-04,133.63345336914062,173.989990234375,111.09674835205078
2019-03-05,133.10250854492188,173.67337036132812,110.54254913330078
2019-03-06,132.2336883544922,172.67405700683594,110.59203338623047
2019-03-07,130.66983032226562,170.6754150390625,109.24612426757812
2019-03-08,130.4091796875,171.08108520507812,109.36487579345703
2019-03-11,132.93841552734375,177.00770568847656,111.66084289550781
2019-03-12,133.4886474609375,178.99647521972656,112.44265747070312
2019-03-13,133.75894165039062,179.78799438476562,113.31354522705078
2019-03-14,133.98097229003906,181.78662109375,113.40260314941406
2019-03-15,134.59878540039062,184.15133666992188,114.70893096923828
2019-03-18,135.35177612304688,186.03126525878906,116.35172271728516
2019-03-19,135.6220703125,184.55702209472656,116.43089294433594
2019-03-20,134.76292419433594,186.16978454589844,116.30223083496094
2019-03-21,136.53915405273438,193.02645874023438,118.9742660522461
2019-03-22,134.61810302734375,189.02920532226562,115.83711242675781
2019-03-25,134.3574676513672,186.74363708496094,116.4407958984375
2019-03-26,135.36143493652344,184.8142547607422,116.68820190429688
2019-03-27,134.41539001464844,186.4764862060547,115.56001281738281
2019-03-28,135.0718231201172,186.72384643554688,115.7183609008789
2019-03-29,136.21095275878906,187.9408416748047,116.7178955078125
2019-04-01,138.334716796875,189.2172088623047,117.78669738769531
2019-04-02,138.04510498046875,191.96780395507812,117.95494079589844
2019-04-03,138.6532745361328,193.2837371826172,118.72685241699219
2019-04-04,137.8327178955078,193.6201171875,118.12317657470703
2019-04-05,138.31541442871094,194.916259765625,118.64768981933594
2019-04-08,138.42160034179688,197.9834747314453,118.68727111816406
2019-04-09,137.18594360351562,197.38983154296875,118.04399871826172
2019-04-10,138.0644073486328,198.4979705810547,118.94457244873047
2019-04-11,138.79808044433594,196.84564208984375,119.08312225341797
2019-04-12,139.34832763671875,196.76649475097656,119.69670104980469
2019-04-15,138.91390991210938,197.1226806640625,119.79566955566406
2019-04-16,140.1109619140625,197.14247131347656,119.51856231689453
2019-04-17,134.28990173339844,200.9814453125,120.5082015991211
2019-04-18,135.46762084960938,201.70372009277344,122.09162902832031
2019-04-22,134.0775146484375,202.36663818359375,122.47758483886719
2019-04-23,135.5738067626953,205.28541564941406,124.14018249511719
2019-04-24,135.10076904296875,204.96881103515625,123.71463012695312
2019-04-25,133.82652282714844,203.10870361328125,127.81172180175781
2019-04-26,134.60845947265625,202.13906860351562,128.54405212402344
2019-04-29,134.2319793701172,202.44578552246094,128.42530822753906
2019-04-30,135.40969848632812,198.54745483398438,129.24671936035156
2019-05-01,135.68963623046875,208.29327392578125,126.55488586425781
2019-05-02,134.7532501220703,206.93775939941406,124.9021987915039
2019-05-03,135.39039611816406,209.51026916503906,127.56430053710938
2019-05-06,135.51588439941406,206.2748565673828,126.82208251953125
2019-05-07,132.87083435058594,200.71429443359375,124.2193374633789
2019-05-08,133.21835327148438,200.7538604736328,124.2094497680664
2019-05-09,132.20245361328125,198.596923828125,124.19955444335938
2019-05-10,132.1829376220703,195.84567260742188,125.81266021728516
2019-05-13,128.3733367919922,184.46324157714844,122.07183074951172
2019-05-14,130.21951293945312,187.38333129882812,123.43753814697266
2019-05-15,131.28424072265625,189.62803649902344,125.1758041381836
2019-05-16,132.72994995117188,188.79373168945312,128.06631469726562
2019-05-17,131.20611572265625,187.72103881835938,127.21208190917969
2019-05-20,131.98756408691406,181.8510284423828,125.37447357177734
2019-05-21,133.28672790527344,185.3372802734375,126.04991912841797
2019-05-22,133.18905639648438,181.54312133789062,126.81475830078125
2019-05-23,129.3208465576172,178.44424438476562,125.3347396850586
2019-05-24,129.21339416503906,177.7589111328125,125.39433288574219
2019-05-28,127.43560791015625,177.02391052246094,125.31488037109375
2019-05-29,126.6834487915039,176.17965698242188,124.10304260253906
2019-05-30,126.56622314453125,177.09344482421875,124.88775634765625
2019-05-31,124.04602813720703,173.8852996826172,122.85148620605469
2019-06-03,125.2963638305664,172.1272735595703,119.0372085571289
2019-06-04,129.61390686035156,178.42437744140625,122.33496856689453
2019-06-05,128.4417266845703,181.3047332763672,124.98709106445312
2019-06-06,129.15478515625,183.96661376953125,126.96375274658203
2019-06-07,130.21951293945312,188.86325073242188,130.51976013183594
2019-06-10,131.61636352539062,191.2768096923828,131.71173095703125
2019-06-11,132.79832458496094,193.49171447753906,131.215087890625
2019-06-12,131.74334716796875,192.87591552734375,130.6091766357422
2019-06-13,132.6127166748047,192.83616638183594,131.43360900878906
2019-06-14,132.01686096191406,191.43572998046875,131.562744140625
2019-06-17,131.82150268554688,192.57794189453125,131.96006774902344
2019-06-18,133.21835327148438,197.10708618164062,134.25457763671875
2019-06-19,133.90211486816406,196.531005859375,134.78102111816406
2019-06-20,135.63108825683594,198.11024475097656,136.03257751464844
2019-06-21,135.97296142578125,197.43484497070312,136.05245971679688
2019-06-24,136.1195068359375,197.2362060546875,136.85702514648438
2019-06-25,135.15245056152344,194.24658203125,132.53616333007812
2019-06-26,135.30874633789062,198.4479522705078,133.03282165527344
2019-06-27,135.30874633789062,198.38836669921875,133.2513427734375
2019-06-28,134.70310974121094,196.58065795898438,133.0626220703125
2019-07-01,136.63720703125,200.1861114501953,134.77110290527344
2019-07-02,136.96932983398438,201.3581085205078,135.6650848388672
2019-07-03,138.2587127685547,203.02674865722656,136.5391845703125
2019-07-05,138.10244750976562,202.84796142578125,136.141845703125
2019-07-08,137.31121826171875,198.6664581298828,136.0425262451172
2019-07-09,136.09996032714844,199.8782196044922,135.54588317871094
2019-07-10,137.21353149414062,201.854736328125,136.9265594482422
2019-07-11,137.9656982421875,200.38475036621094,137.47286987304688
2019-07-12,139.430908203125,201.9242706298828,137.9695281982422
2019-07-15,139.9974822998047,203.82135009765625,137.9695281982422
2019-07-16,140.2025909423828,203.1161346435547,136.16172790527344
2019-07-17,139.75326538085938,201.9739227294922,135.35716247558594
2019-07-18,146.1611785888672,204.26829528808594,135.50613403320312
2019-07-19,146.2100067138672,201.2190704345703,135.70480346679688
2019-07-22,146.2686309814453,205.81773376464844,137.50267028808594
2019-07-23,146.893798828125,207.4267578125,138.35690307617188
2019-07-24,146.55189514160156,207.2579345703125,139.77734375
2019-07-25,146.903564453125,205.6190948486328,139.25088500976562
2019-07-26,147.85107421875,206.33421325683594,140.3931884765625
2019-07-29,147.3822021484375,208.26107788085938,140.08526611328125
2019-07-30,146.29794311523438,207.36717224121094,139.40982055664062
2019-07-31,144.8034210205078,211.59835815429688,135.35716247558594
2019-08-01,146.83518981933594,207.01953125,137.13516235351562
2019-08-02,143.8363494873047,202.63938903808594,135.98292541503906
2019-08-05,137.49681091308594,192.03164672851562,131.32435607910156
2019-08-06,137.46749877929688,195.66688537597656,133.78773498535156
2019-08-07,135.8850555419922,197.69308471679688,134.373779296875
2019-08-08,138.464599609375,202.05337524414062,137.9595947265625
2019-08-09,134.5409393310547,200.3883819580078,136.78750610351562
2019-08-12,132.5543975830078,199.87989807128906,134.88035583496094
2019-08-13,134.20489501953125,208.34449768066406,137.6715545654297
2019-08-14,129.7178955078125,202.1431121826172,133.525634765625
2019-08-15,130.3800811767578,201.13613891601562,133.22665405273438
2019-08-16,132.19859313964844,205.8818817138672,135.66836547851562
2019-08-19,133.46365356445312,209.72036743164062,137.9406280517578
2019-08-20,131.4474639892578,209.73033142089844,136.79452514648438
2019-08-21,132.68287658691406,212.00350952148438,138.31932067871094
2019-08-22,132.7520751953125,211.8240509033203,137.31275939941406
2019-08-23,128.05751037597656,202.033447265625,132.93765258789062
2019-08-26,128.4726104736328,205.87191772460938,134.99066162109375
2019-08-27,129.63882446289062,203.54888916015625,135.27967834472656
2019-08-28,131.21026611328125,204.914794921875,135.10028076171875
2019-08-29,133.30552673339844,208.38436889648438,137.65159606933594
2019-08-30,133.94793701171875,208.1151885986328,137.39248657226562
2019-09-03,132.53463745117188,205.0842742919922,135.5786590576172
2019-09-04,134.72872924804688,208.5638427734375,137.16326904296875
2019-09-05,139.32443237304688,212.64158630371094,139.57505798339844
2019-09-06,138.92910766601562,212.62164306640625,138.6282958984375
2019-09-09,140.93540954589844,213.5289306640625,137.05364990234375
2019-09-10,143.3568115234375,216.0513458251953,135.6185302734375
2019-09-11,141.92373657226562,222.9207305908203,135.65838623046875
2019-09-12,141.94349670410156,222.42222595214844,137.05364990234375
2019-09-13,141.992919921875,218.09521484375,136.8543243408203
2019-09-16,140.81680297851562,219.2417755126953,135.86767578125
2019-09-17,140.54006958007812,220.0393829345703,136.92408752441406
2019-09-18,140.55984497070312,222.1031951904297,138.0502471923828
2019-09-19,141.30108642578125,220.29861450195312,140.59161376953125
2019-09-20,140.22381591796875,217.07826232910156,138.96713256835938
2019-09-23,140.41160583496094,218.0653076171875,138.66815185546875
2019-09-24,140.02613830566406,217.02841186523438,136.91412353515625
2019-09-25,141.48887634277344,220.36839294433594,138.8874053955078
2019-09-26,141.87432861328125,219.2318115234375,139.06678771972656
2019-09-27,141.5679473876953,218.16502380371094,137.26292419433594
2019-09-30,143.7224884033203,223.29959106445312,138.5585174560547
2019-10-01,141.9830322265625,223.91773986816406,136.6051788330078
2019-10-02,140.03602600097656,218.30459594726562,134.19337463378906
2019-10-03,140.3621826171875,220.15902709960938,135.81784057617188
2019-10-04,141.32086181640625,226.3304901123047,137.65159606933594
2019-10-07,139.6308135986328,226.38034057617188,136.65499877929688
2019-10-08,136.76467895507812,223.72830200195312,135.2099151611328
2019-10-09,138.03961181640625,226.35043334960938,137.77120971679688
2019-10-10,139.48257446289062,229.40127563476562,138.6282958984375
2019-10-11,141.09353637695312,235.50296020507812,139.20631408691406
2019-10-14,140.38194274902344,235.16397094726562,139.07676696777344
2019-10-15,141.3307342529297,234.61563110351562,141.0899200439453
2019-10-16,140.4511260986328,233.66845703125,139.933837890625
2019-10-17,132.69276428222656,234.57574462890625,139.21627807617188
2019-10-18,132.52474975585938,235.70236206054688,136.9440155029297
2019-10-21,131.03237915039062,239.7900848388672,137.96054077148438
2019-10-22,132.39627075195312,239.2417449951172,135.90753173828125
2019-10-23,132.81137084960938,242.45208740234375,136.77459716796875
2019-10-24,132.50498962402344,242.85089111328125,139.46543884277344
2019-10-25,133.85899353027344,245.8419189453125,140.25274658203125
2019-10-28,134.38279724121094,248.3045196533203,143.70101928710938
2019-10-29,132.25790405273438,242.56175231933594,142.34564208984375
2019-10-30,133.67120361328125,242.53184509277344,144.11959838867188
2019-10-31,132.1689453125,248.015380859375,142.88380432128906
2019-11-01,133.94793701171875,255.05426025390625,143.2326202392578
2019-11-04,136.06295776367188,256.7292175292969,144.05979919433594
2019-11-05,136.2803955078125,256.3603515625,143.97010803222656
2019-11-06,137.16000366210938,256.4700012207031,143.5714569091797
2019-11-07,137.69000244140625,259.42999267578125,143.77078247070312
2019-11-08,137.61000061035156,260.1400146484375,145.46502685546875
2019-11-11,135.47000122070312,262.20001220703125,145.61451721191406
2019-11-12,135.58999633789062,261.9599914550781,146.57125854492188
2019-11-13,134.47999572753906,264.4700012207031,146.81044006347656
2019-11-14,134.0,262.6400146484375,147.55789184570312
2019-11-15,134.39999389648438,265.760009765625,149.46142578125
2019-11-18,134.30999755859375,267.1000061035156,149.83016967773438
2019-11-19,134.52000427246094,266.2900085449219,149.87998962402344
2019-11-20,133.1999969482422,263.19000244140625,149.6199951171875
2019-11-21,133.83999633789062,262.010009765625,149.47999572753906
2019-11-22,134.33999633789062,261.7799987792969,149.58999633789062
2019-11-25,135.97000122070312,266.3699951171875,151.22999572753906
2019-11-26,135.08999633789062,264.2900085449219,152.02999877929688
2019-11-27,133.77000427246094,267.8399963378906,152.32000732421875
2019-11-29,134.4499969482422,267.25,151.3800048828125
2019-12-02,132.91000366210938,264.1600036621094,149.5500030517578
2019-12-03,132.1199951171875,259.45001220703125,149.30999755859375
2019-12-04,131.99000549316406,261.739990234375,149.85000610351562
2019-12-05,131.91000366210938,265.5799865722656,149.92999267578125
2019-12-06,133.22000122070312,270.7099914550781,151.75
2019-12-09,133.9199981689453,266.9200134277344,151.36000061035156
2019-12-10,133.91000366210938,268.4800109863281,151.1300048828125
2019-12-11,133.75999450683594,270.7699890136719,151.6999969482422
2019-12-12,135.32000732421875,271.4599914550781,153.24000549316406
2019-12-13,134.2100067138672,275.1499938964844,154.52999877929688
2019-12-16,134.1300048828125,279.8599853515625,155.52999877929688
2019-12-17,134.22000122070312,280.4100036621094,154.69000244140625
2019-12-18,134.41000366210938,279.739990234375,154.3699951171875
2019-12-19,134.55999755859375,280.0199890136719,155.7100067138672
2019-12-20,135.58999633789062,279.44000244140625,157.41000366210938
2019-12-23,135.5500030517578,284.0,157.41000366210938
2019-12-24,134.97999572753906,284.2699890136719,157.3800048828125
2019-12-26,134.91000366210938,289.9100036621094,158.6699981689453
2019-12-27,135.27000427246094,289.79998779296875,158.9600067138672
2019-12-30,132.80999755859375,291.5199890136719,157.58999633789062
2019-12-31,134.0399932861328,293.6499938964844,157.6999969482422
